time;demand
0;113.2903846
1;106.6538462
2;103.2519231
3;101.0307692
4;98.71730769
5;98.93653846
6;96.20192308
7;110.4788462
8;125.3019231
9;135.9
10;142.7096154
11;150.8480769
12;153.7038462
13;154.8480769
14;157.8230769
15;157.5192308
16;155.9942308
17;156.6538462
18;191.7326923
19;202.6923077
20;189.2615385
21;168.45
22;147.1884615
23;127.0115385
