time;demand
0;114.7735849
1;107.6226415
2;104.4169811
3;101.6301887
4;101.1792453
5;100.8603774
6;98.83584906
7;115.190566
8;130.4622642
9;142.2641509
10;149.9339623
11;156.7566038
12;156.9716981
13;155.0754717
14;156.9943396
15;159.090566
16;155.6358491
17;158.545283
18;191.9037736
19;201.3679245
20;189.0811321
21;169.5773585
22;148.8396226
23;128.4641509
