time;demand
0;114.3961538
1;107.0019231
2;104.2884615
3;102.7096154
4;101.5403846
5;102.1153846
6;99.80384615
7;114.9596154
8;128.4211538
9;139.3788462
10;144.55
11;149.2038462
12;149.125
13;153.9653846
14;157.8673077
15;160.1269231
16;156.2826923
17;156.9769231
18;193.2961538
19;200.3480769
20;187.4038462
21;169.2307692
22;147.8076923
23;127.9519231
