time;demand
0;114.2288462
1;107.5115385
2;104.5403846
3;102.5134615
4;101.5615385
5;102.1057692
6;97.56346154
7;114.1115385
8;132.5326923
9;145.3288462
10;152.2596154
11;159.1326923
12;158.7134615
13;158.7673077
14;159.9769231
15;160.5019231
16;160.3134615
17;161.4153846
18;195.225
19;202.2230769
20;189.1019231
21;171.2192308
22;148.9826923
23;128.6692308
