time;demand
0;114.8788462
1;109.3826923
2;106.0442308
3;103.6173077
4;102.6057692
5;103.3192308
6;100.6615385
7;116.5307692
8;126.9192308
9;138.4230769
10;146.5730769
11;153.6442308
12;155.425
13;157.0961538
14;161.5403846
15;157.8576923
16;157.4365385
17;159.9403846
18;194.9480769
19;201.7788462
20;188.7211538
21;172.3576923
22;153.1173077
23;133.2846154
