time;demand
0;119.0480769
1;112.1673077
2;107.8615385
3;104.4038462
4;101.9403846
5;100.4923077
6;93.95769231
7;112.4423077
8;124.3365385
9;134.8076923
10;141.3865385
11;147.2346154
12;148.4288462
13;148.0596154
14;150.3326923
15;148.5903846
16;146.7403846
17;149.0557692
18;186.8057692
19;199.1211538
20;184.4615385
21;167.8596154
22;150.8538462
23;134.2923077
