time;demand
0;122.8096154
1;116.075
2;109.7807692
3;105.9096154
4;102.2980769
5;99.45
6;90.60384615
7;106.1846154
8;115.8865385
9;124.5403846
10;130.1461538
11;136.8307692
12;141.6576923
13;143.8557692
14;142.7461538
15;138.6788462
16;136.0538462
17;140.7288462
18;174.1134615
19;189.2673077
20;181.4076923
21;163.1846154
22;141.8115385
23;123.5076923
