time;demand
0;1388.45
1;1350.094231
2;1317.555769
3;1291.625
4;1262.775
5;1249.219231
6;1189.382692
7;1191.559615
8;1278.444231
9;1328.519231
10;1359.492308
11;1397.517308
12;1410.25
13;1444.523077
14;1469.221154
15;1456.515385
16;1411.998077
17;1359.6
18;1386.45
19;1536.351923
20;1547.059615
21;1542.4
22;1511.669231
23;1451.938462
