time;demand
0;1390.316981
1;1346.950943
2;1315.477358
3;1289.543396
4;1270.267925
5;1257.790566
6;1189.350943
7;1196.111321
8;1279.216981
9;1330.069811
10;1367.828302
11;1403.116981
12;1413.554717
13;1469.737736
14;1501.983019
15;1490.175472
16;1445.628302
17;1390.637736
18;1408.426415
19;1549.524528
20;1558.460377
21;1547.943396
22;1514.89434
23;1453.069811
