time;demand
0;1393.378846
1;1350.263462
2;1315.467308
3;1296.294231
4;1275.519231
5;1264.057692
6;1193.692308
7;1197.469231
8;1273.921154
9;1321.778846
10;1355.642308
11;1391.948077
12;1403.109615
13;1449.471154
14;1472.715385
15;1460.344231
16;1423.963462
17;1375.096154
18;1406.751923
19;1550.721154
20;1554.505769
21;1542.703846
22;1514.648077
23;1454.826923
