time;demand
0;1392.119231
1;1351.144231
2;1321.040385
3;1294.663462
4;1273.025
5;1258.703846
6;1196.194231
7;1205.492308
8;1265.546154
9;1310.915385
10;1350.065385
11;1393.109615
12;1404.361538
13;1444.503846
14;1476.628846
15;1447.05
16;1410.830769
17;1365.790385
18;1398.894231
19;1539.025
20;1553.782692
21;1536.586538
22;1505.011538
23;1445.563462
