time;demand
0;1385.686538
1;1344.094231
2;1314.367308
3;1288.611538
4;1269.453846
5;1258.419231
6;1192.053846
7;1196.728846
8;1267.736538
9;1315.130769
10;1346
11;1388.244231
12;1414.542308
13;1456.598077
14;1478.921154
15;1459.675
16;1417.121154
17;1364.482692
18;1403.223077
19;1524.632692
20;1518.257692
21;1503.344231
22;1479.611538
23;1438.946154
