time;demand
0;1391.153846
1;1353.628846
2;1321.021154
3;1294.553846
4;1275.742308
5;1265.155769
6;1196.676923
7;1199.336538
8;1242.657692
9;1256.334615
10;1283.155769
11;1311.303846
12;1314.030769
13;1325.298077
14;1344.934615
15;1352.167308
16;1336.511538
17;1305.965385
18;1376.501923
19;1514.826923
20;1501.596154
21;1486.376923
22;1470.244231
23;1430.746154
