time;demand
0;1386.023077
1;1354.001923
2;1318.334615
3;1302.132692
4;1282.625
5;1265.069231
6;1197.436538
7;1205.353846
8;1277.923077
9;1364.198077
10;1392.469231
11;1380.928846
12;1355.146154
13;1293.048077
14;1296.121154
15;1285.053846
16;1269.621154
17;1248.776923
18;1342.932692
19;1491.678846
20;1517.521154
21;1515.046154
22;1492.4
23;1441.9
