time;demand
0;21212.79808
1;20475.925
2;19832.85192
3;19312.59423
4;18896.78846
5;18790.22692
6;18530.26731
7;19340.34423
8;21630.09038
9;24515.00385
10;25726.54038
11;25983.20962
12;25250.84423
13;23951.90769
14;24679.92692
15;26186.05
16;26166.075
17;25832.26538
18;25438.33077
19;25727.45962
20;24574.13462
21;23693.48077
22;23267.00769
23;22291.83462
