time;demand
0;21238.30377
1;20469.09811
2;19652.91887
3;19176.21321
4;18849.74528
5;18678.09434
6;18482.67736
7;19413.11132
8;21959.79434
9;24736.9566
10;25884.90566
11;26308.60943
12;25467.17358
13;24387.16415
14;25324.02075
15;27000.60566
16;26965.19434
17;26219.1717
18;25752.8283
19;26037.89811
20;24809.92453
21;23842.88113
22;23456.45472
23;22068.50755
