time;demand
0;21131.62308
1;20409.82115
2;19863.67692
3;19343.95577
4;18924.98654
5;18706.91346
6;18339.11346
7;19408.83269
8;21728.91538
9;24216.59615
10;25276.02308
11;25867.24423
12;25107.02692
13;24003.85577
14;24756.91731
15;26569.56346
16;26291.17308
17;25838.975
18;25578.34038
19;25959.85192
20;24761.05962
21;23840.03462
22;23464.05769
23;22461.375
