time;demand
0;21402.86538
1;20547.57308
2;19825.86154
3;19295.275
4;18913.68462
5;18731.32885
6;18606.58077
7;19510.63077
8;21987.61154
9;24942.975
10;25941.65192
11;26263.32692
12;25261.825
13;24332.77115
14;25246.89423
15;27062.45769
16;26996.59808
17;26277.225
18;25830.97692
19;25915.70962
20;24740.27115
21;23872.89423
22;23496.975
23;22527.63654
