time;demand
0;21439.77885
1;20578.65962
2;19865.03269
3;19305.80962
4;18877.60769
5;18746.93269
6;18629.15
7;19274.54038
8;21442.24615
9;24433.70577
10;25471.56346
11;25869.28654
12;25295.30962
13;24312.55962
14;25212.13462
15;26879.63077
16;26779.33077
17;26186.19615
18;25817.88462
19;26018.11923
20;24701.98654
21;23583.54038
22;23231.41923
23;22410.37115
