time;demand
0;21525.92692
1;20786.01538
2;20124.07308
3;19541.05577
4;19050.98846
5;18862.45385
6;18584.675
7;19354.62885
8;21261.95385
9;24249.96346
10;25261.15769
11;25521.92885
12;24886.24038
13;23243.71154
14;23688.76154
15;25232.06346
16;25526.81154
17;24566.76346
18;25110.83462
19;25641.93654
20;24337.58462
21;23122.175
22;22840.15
23;22265.34231
