time;demand
0;21529.3
1;20866.43654
2;20198.28462
3;19638.99038
4;19219.48269
5;18986.00192
6;18624.85
7;18983.57115
8;20192.30769
9;21739.46923
10;23192.20769
11;23446.65769
12;23288.02885
13;21726.51154
14;21826.95192
15;21596.375
16;21713.01731
17;22733.06154
18;23614.35769
19;24454.14808
20;23531.12115
21;23085.04615
22;22823.09038
23;22083.46538
